term,score
food,217.9103275100788
good,205.15691245830865
place,201.17860557423384
great,192.0125067226604
time,148.33538998106252
like,143.94203278316127
service,143.77765770659371
really,125.54012291664597
nice,101.59031912436724
love,101.31113041658213
best,100.38116447108104
order,97.94058624549213
ive,97.11689996835612
dont,96.62084197511291
ordered,96.24194051170895
chicken,95.92265598880894
staff,92.46045104606682
restaurant,89.90594917269024
friendly,88.42113164209282
delicious,88.30976690613585
little,88.06767401170654
try,87.00583322702614
came,85.76946575388125
didnt,85.6125019965143
definitely,84.23238787022089
menu,83.49261168653354
went,82.10639249345913
bar,80.83485556601111
pizza,79.01854039627626
amazing,77.62400526010406
new,76.57819607874386
wait,75.99237593893099
make,75.72291675248435
people,75.47033892528837
experience,75.3789098325217
come,75.03532982109914
pretty,74.96779456888113
better,74.24532674756891
fresh,71.00705149754276
night,70.37008538731813
way,69.15327364827635
cheese,69.0011216254296
area,67.97335733699963
sauce,67.86540342023659
day,67.5161047301283
going,67.0249387127257
know,66.92291854165761
room,66.82340952687694
lunch,66.62102483036821
recommend,64.76019593629117
eat,64.7208713059279
want,64.58545163911127
say,63.97285577180252
table,63.82295877820754
burger,63.80940412064553
right,63.680308064348026
location,63.40881064339897
sure,61.40270495955598
think,61.17891050188773
minutes,60.735915741907746
times,60.68812800708406
fries,60.63918873010038
beer,60.49673384838349
salad,60.1064201027156
meal,60.06572179398792
said,59.73573019107252
small,58.675413037081256
wasnt,58.62726582429528
bit,58.515826844850544
tried,57.957899277277924
coffee,57.13922739069746
breakfast,56.91172585388869
dinner,56.809315840894165
worth,56.602677305936204
took,56.330246174713025
price,56.155661442548826
bad,55.96453778419898
excellent,55.124287110168126
lot,54.53218780599167
drinks,54.25372548367106
happy,53.845269625153634
told,53.51340150066669
long,53.40876156919993
awesome,53.14472369981047
asked,52.995322955286646
sandwich,52.57382700934743
hot,52.50712929552059
work,51.835009765951924
clean,51.278765165417326
looking,51.22508406382575
home,49.999126353635674
stars,49.58968517985241
youre,49.241734203056566
fried,48.95555449801554
sweet,48.814783410979736
atmosphere,48.77251984736085
hotel,48.336597896888534
shrimp,48.154258706131024
prices,47.98061928484237
favorite,47.85971966978097
super,47.401749283210385
wanted,47.34514098547735
visit,47.070480717232236
years,46.9561577647342
sushi,46.672867414448945
feel,46.44126367569563
hour,46.29136434345358
different,45.92610389569103
drink,45.59678481541353
places,45.18741214149769
quality,45.14651011398522
perfect,45.090868070071814
taste,45.06597085303982
big,44.795818887056974
store,44.77183918030979
need,44.59976221560556
server,44.51788146716588
check,44.07169635113642
friends,43.98849560253239
spot,43.772813083963385
thing,43.74636823846423
special,43.67843179590681
tasty,43.436615381152684
bread,42.8492500178193
selection,42.81570265432649
left,42.42296573785001
away,42.24266768086798
things,42.196398328282
items,41.764724293289746
flavor,41.58637360944937
car,41.08003585091043
loved,40.887427162134884
free,40.25584540678897
customer,40.02718313864305
enjoyed,39.70534698025969
meat,39.56806607694687
overall,39.54474114360946
waitress,39.48219818327558
family,39.36047088320137
coming,39.32897638333466
probably,39.30346798985542
husband,39.079817386455176
rice,38.86723445151995
busy,38.66776589249965
wine,38.45654617908906
wonderful,38.30838471776937
line,38.292477876511306
huge,38.25837777664982
look,38.23808579951967
friend,38.08287315064146
getting,38.07617014042779
fun,37.8872146606304
gave,37.87931124419953
half,37.75452939401594
kind,37.68855343461167
thats,37.653598363662375
highly,37.53513070079822
large,37.38702678178994
ill,37.211205278206485
disappointed,37.102125778174155
old,36.91619660929274
outside,36.80868750410406
enjoy,36.74119134778245
soup,36.63154341141387
called,36.59463109748691
fish,36.507657518554154
used,36.35194732088308
dish,36.337904414196295
quite,36.246152489069566
town,36.17406630599323
quick,36.156018389222055
ask,35.95157685057342
fantastic,35.82784607797229
review,35.61274978554865
reviews,35.57625273437783
restaurants,35.49298776949624
spicy,35.40220000512281
cooked,35.39444389069253
served,35.36547843836893
steak,35.30346134059424
helpful,35.28949583529292
city,35.180589791706424
usually,35.17162129508589
far,35.040574037007445
thought,34.99680227217284
options,34.95062224962834
maybe,34.913526573801114
parking,34.912435851921614
cream,34.86148224386723
tables,34.81072781713623
house,34.7061599040571
fast,34.485479029247415
stay,34.382467588818194
pork,34.33868598613409
local,34.309941568934654
decided,34.10724839863244
hair,34.09844657361381
street,34.01971795179379
walked,33.96191608600595
absolutely,33.93051347275092
decent,33.74087923132241
beef,33.720960435006695
actually,33.57038103903581
tacos,33.37824002244382
tasted,33.33658838841497
let,33.267616864019274
inside,33.03589315769295
extremely,33.00708322550268
dishes,32.92160778902585
roll,32.867080459994334
star,32.798788873825046
high,32.70318886078559
week,32.692231866171056
looked,32.61281232090473
ice,32.5898185190755
shop,32.557318550520094
bacon,32.215442559955584
business,32.18144584432285
wont,32.17438589938137
open,32.12290952018136
wife,32.03740491943459
hours,31.995667236136715
live,31.96629079647256
music,31.774616747567524
cool,31.674297319281003
waiting,31.660744333125074
stop,31.612838179528744
wings,31.44611038932011
group,31.433573793580535
hard,31.398484516581423
couple,31.358049257437834
care,31.344899614005158
needed,31.307033620174735
trying,31.267813887067526
owner,31.25532131836318
manager,31.231706202801448
cold,31.171092971901135
waiter,30.76125795755577
today,30.752067021585926
kids,30.653502729602934
brunch,30.590588550664126
crab,30.57209162392609
return,30.488866796213102
bring,30.365130027807865
pay,30.36127585473537
cake,30.265337641375947
dining,30.18954913072453
eating,30.121923786710315
french,29.948806197038202
especially,29.912562999065575
second,29.81237285283321
job,29.763988958312225
seated,29.732751420468812
felt,29.54476428546703
water,29.4056175170301
walk,29.389182939926314
use,29.37041014283907
party,29.197968155331708
door,29.035212491281154
plate,28.968877108404467
attentive,28.967959121474504
finally,28.945869567242188
red,28.81274128602614
money,28.788682228510993
tell,28.749808989351425
able,28.571858813593728
seating,28.527706291388956
close,28.354610503535504
sit,28.323757304627705
year,28.306009782467886
reason,28.20716049500046
theres,28.17741284948909
makes,28.171844987055458
beautiful,28.05261090202557
extra,27.977334539081124
waited,27.940064102472515
dessert,27.841983914158742
isnt,27.805717116740063
tea,27.77483740571728
sat,27.63103260740904
wish,27.510644309898236
real,27.362519669793734
brought,27.271157957089336
size,27.22447864077958
chocolate,27.179756836709494
wrong,27.12364638601911
end,26.840617892009433
instead,26.575952454815507
arrived,26.56419019943615
doesnt,26.52744219450313
kitchen,26.388628808071697
late,26.243295582008866
eggs,26.13165982223549
cut,26.10420687098533
ate,26.096665720617125
person,26.059186211925983
customers,25.830521261580806
stopped,25.794301358398975
later,25.741348797200956
bbq,25.71281831427023
guy,25.634081175831014
offer,25.621238534320664
philly,25.346938615082262
reasonable,25.32621362232175
started,25.285875593941288
wouldnt,25.172709912348285
days,25.08185333760311
fine,25.019924575107527
thai,24.97296778320011
fan,24.956173402627215
perfectly,24.90580244070206
dry,24.864809205770932
mexican,24.804385121394265
beers,24.78562158482518
yelp,24.716359137677863
comes,24.689603364033985
chips,24.662002183419347
plus,24.61299803760029
pick,24.549135132372694
trip,24.525785200606737
liked,24.514742507902213
point,24.487611473454233
ago,24.48158328537737
portions,24.473240163504315
impressed,24.33970559073554
slow,24.33868804158051
leave,24.318321566904398
burgers,24.235890776405462
expect,24.19986465175762
flavors,24.196549590522924
appetizer,24.166978098330453
course,24.15563173734529
style,24.14676714607376
rolls,24.11574483047935
orleans,24.095393909831046
decor,24.084382398009662
drive,24.036305117664615
quickly,24.018936586998006
morning,24.01670336213025
saturday,23.996880144380714
warm,23.991028021596875
theyre,23.974570842179432
lots,23.941411169907962
deal,23.895537015623866
italian,23.80383659603049
sandwiches,23.708630632763096
variety,23.679592695934474
seafood,23.6453632864501
phone,23.61381498322761
easy,23.564751217454184
priced,23.564150848217345
yummy,23.38903387921503
counter,23.352471573576953
regular,23.13240527940976
early,23.02653061405816
working,22.981185370298014
sunday,22.940154403069855
expensive,22.89409663516153
change,22.76442667167371
help,22.679474245325792
problem,22.537688150305073
terrible,22.503608364374596
ended,22.485643484180468
tour,22.459372942166134
stuff,22.420146805686105
space,22.413279301248686
guys,22.367063293084566
portion,22.297582692449886
start,22.26415567668604
average,22.215990803186173
potato,22.13470547720709
yes,22.127380983546576
plenty,22.127112373313
soon,21.981704460826386
beans,21.91915946064278
making,21.846385648018998
bartender,21.845260326374532
life,21.74417326873266
okay,21.67316531727926
worst,21.451380764344684
havent,21.30423484041388
prepared,21.26213804984625
mac,21.204116100075133
cafe,21.202233212690825
sitting,21.139018366027965
recommended,21.054625448075097
ready,21.01089414364306
short,20.996858666400822
fact,20.962033915971116
ingredients,20.922888870399127
available,20.800226549454177
pasta,20.78000689345064
glad,20.74486467926479
past,20.722711544532938
weekend,20.649899989053846
cheap,20.641512843063726
buy,20.584088499274223
saw,20.548636918569244
recently,20.50238687515182
donuts,20.48608123767386
serve,20.48361422839544
entire,20.474989330552486
ordering,20.429123734847927
salon,20.421113309452195
green,20.367524528421637
egg,20.304138600388754
received,20.276594054907402
bite,20.194800090200392
rooms,20.18403006734239
pancakes,20.146201379974183
employees,20.09376456705337
light,20.049778463820385
potatoes,20.04652742344905
neighborhood,20.043377999706028
ambiance,20.043210863599445
heard,19.910654132295562
white,19.897754084184168
pleasant,19.863296264841345
rest,19.7968662457471
believe,19.77001451598623
grilled,19.73896826911122
nashville,19.706493508088098
cute,19.67649278736198
sausage,19.640431001775926
offered,19.589053518390664
eaten,19.586282069922383
walking,19.533311239053482
main,19.510505150780457
thank,19.487243460625344
looks,19.469210610884197
grits,19.440305871330978
friday,19.42236100974444
comfortable,19.34747275864892
twice,19.33684554917531
birthday,19.306756830242797
packed,19.277645352512565
meals,19.20757433091666
chef,19.17397215580631
toast,19.092116434842826
salsa,19.089510129214965
crispy,19.071370098581294
choice,19.045076857940263
park,19.02104768638847
list,18.973819719513422
surprised,18.91688777198785
mind,18.876028758312128
kept,18.86514478034001
dog,18.707210695808175
gets,18.689467420799087
youll,18.68262145182387
near,18.66788272452004
rude,18.664705150450786
unique,18.63317139560876
authentic,18.601253227570332
seriously,18.563471270497622
floor,18.54295489530724
flavorful,18.48058221591572
oysters,18.441387313559034
paid,18.416606511975157
stayed,18.4089476114949
crowded,18.39214949640588
bland,18.382167495012254
seen,18.3712703804773
horrible,18.286130325934504
evening,18.265449626947216
servers,18.2554037803932
guess,18.24851438588167
given,18.157315557532485
bowl,18.14791669718582
visiting,18.082308019213155
add,18.048289991301505
garlic,18.044502293439944
totally,18.03490300763947
man,17.965430527636556
run,17.930555165494518
entrees,17.89592634332456
orders,17.893540961924643
taking,17.862748168852214
completely,17.83055370002608
boyfriend,17.774358993835282
expected,17.77237607064178
interesting,17.680413741193828
needs,17.64674264123122
set,17.643871200523115
game,17.555917646929785
gone,17.545242619081368
outstanding,17.517878214407638
hands,17.503708090816605
cup,17.502167251568135
indian,17.496883109729954
specials,17.414830334468945
issue,17.39563772465175
butter,17.34820831176189
desk,17.32433358937334
understand,17.303006675383134
hit,17.271623918185956
giving,17.262660928282635
pricey,17.258946971109555
glass,17.25499127592321
unfortunately,17.253068583987712
grab,17.091528306749286
weve,17.054202798061038
knew,17.053887592483104
homemade,17.044792631292367
truly,17.009119844386557
werent,17.008801000909244
literally,16.994707727948533
remember,16.978743652528184
opened,16.909318992950823
appointment,16.892913484969352
delivery,16.887639291170217
vegetarian,16.84583256138921
buffet,16.835854338239805
taco,16.808606226977766
charge,16.771982828914496
wedding,16.72316202946145
poor,16.67351051742568
date,16.5926144430354
loud,16.590337861187095
thanks,16.53375920143648
professional,16.5259092128086
moved,16.50699189607739
duck,16.5056416538091
downtown,16.41413914638685
watch,16.38557163714886
black,16.31130939211149
lamb,16.2899245951334
arent,16.286194765407767
incredible,16.28612559868678
weeks,16.266417103026246
type,16.246122018862287
oil,16.20724732369875
lady,16.195992287000056
online,16.166174681727156
excited,16.16502403052952
crust,16.14988700728686
wow,16.112221129860124
bottle,16.039081870260507
based,15.961819229353512
worked,15.915054233612357
hope,15.83166652685534
immediately,15.78872460840819
reservation,15.762447074581951
center,15.749839078179924
reno,15.73641797214201
hand,15.72969077237622
exactly,15.6986742739022
minute,15.696473518037383
world,15.678518784741971
greek,15.602942303547144
option,15.59739457331276
feeling,15.550443167220857
choose,15.520778970533211
simple,15.504932890170135
months,15.464534680675003
tip,15.44402353146678
choices,15.432702226276454
south,15.415256690797175
number,15.405386792987576
honestly,15.297820721322317
seat,15.287236153691309
appetizers,15.217628790700772
ones,15.206992640103975
tender,15.18279751682693
cocktails,15.141031301986448
baked,15.139279405811564
knowledgeable,15.128555380953271
lobster,15.118089818854525
lovely,15.102906846930438
chinese,15.101033721772874
sides,15.06835277669557
forward,15.06809238774645
mediocre,15.04284173049778
spend,15.042605645263276
tuna,15.003348319945353
located,14.974549882481819
overpriced,14.924011892401882
pulled,14.909371633088561
louis,14.900821901304296
management,14.89443714575925
pool,14.811191825892658
patio,14.750897637267148
cost,14.747602721605634
market,14.742312014253423
gem,14.728074927637696
helped,14.724631659808699
month,14.72030630037984
pie,14.69982367967089
card,14.692756380405873
piece,14.664987469625407
pleased,14.651013456580127
salmon,14.645474877020972
afternoon,14.62987814058133
soft,14.616993355786688
vibe,14.586984116138321
noodles,14.576374998443521
office,14.569233044924243
talk,14.546035849746755
taken,14.503830947947048
seasoned,14.477269187679234
girl,14.45578254379729
corn,14.426007627222491
shopping,14.400038313527725
saying,14.388630154876427
cocktail,14.383573065544464
spent,14.381006832023921
checked,14.37415535538584
nola,14.364044558539891
hungry,14.243680007600915
daughter,14.215289586132894
mean,14.21273483573994
fair,14.159781475010314
owners,14.14823075880964
bought,14.120570220574043
attention,14.113571838508388
filling,14.110040359143362
tastes,14.075220072023823
pieces,14.0570166819395
split,14.043124101790161
toppings,14.034296803064764
tomato,13.998712908191555
filled,13.963078903940014
fairly,13.95373680267062
visited,13.916001910891763
miss,13.890512708569188
plates,13.885026282248424
sign,13.881635988061781
salads,13.867223930055578
picked,13.86484808105458
bathroom,13.83632338037545
share,13.825346282857847
ribs,13.825151412842706
hear,13.811343922627614
treat,13.796944216258403
die,13.794924613861914
outdoor,13.733084794693069
typical,13.708157710011195
onion,13.67480582807934
blue,13.662912602698322
establishment,13.654481428353229
min,13.641399316544057
standard,13.59848407888697
sorry,13.572702425981094
awful,13.56508307180538
tasting,13.55998050317843
chance,13.550146857554362
son,13.54768020401788
read,13.485457042024706
view,13.465458679646892
chain,13.461637315319892
including,13.460317696541907
nails,13.428344994634992
greasy,13.415478989393447
cozy,13.407566334565894
longer,13.399476629902361
pudding,13.376454127091131
issues,13.355337699075854
addition,13.351901455415206
stuffed,13.3267891869778
healthy,13.301738044725079
entree,13.296589099509438
curry,13.283925082697854
note,13.249307027726626
fabulous,13.229009014457699
disappointing,13.1883289465443
happened,13.15344580473622
turned,13.127071947604707
added,13.116155157090406
process,13.112475446705231
generous,13.106479790306715
unless,13.079511425061071
true,13.079386547581747
pho,13.045596408942043
corner,12.985333637302803
nights,12.976683778987798
dressing,12.969203066473591
casual,12.96484925900407
santa,12.959382823970119
dirty,12.940904539488827
low,12.925123195702028
medium,12.899450195946432
simply,12.888428602472661
joint,12.869951747365887
woman,12.867054135436595
head,12.83920957073911
event,12.820751947647869
mixed,12.812543666631422
case,12.803585061347121
mouth,12.779900797181854
gotten,12.750885153450396
yum,12.7490914560078
class,12.747667322277168
mins,12.730145657086826
shared,12.718695112667268
accommodating,12.71495012580579
solid,12.703238900182642
tampa,12.665271458046115
vegan,12.65763470124121
certainly,12.62518360420808
bed,12.619620542561874
plan,12.589280360613143
questions,12.54178064154441
reservations,12.509202571263696
onions,12.506517531601327
finished,12.504497851975904
hostess,12.502319462716176
level,12.482707031145186
middle,12.477310778392976
expectations,12.472403728263645
gravy,12.465635000597567
burrito,12.440020454503754
veggies,12.405186966249794
tonight,12.40401228178325
lived,12.396835534282868
convenient,12.39063659136195
noticed,12.377516006961404
frozen,12.362406356987298
massage,12.348482507127397
company,12.340953188074971
nail,12.317226028879142
mention,12.30858249391077
changed,12.272863443204093
delivered,12.2724354606926
ahead,12.265278234806225
crowd,12.252392621348722
single,12.208141147434686
write,12.190904165011101
multiple,12.189601052136746
closed,12.188481832158828
quiet,12.185617793493188
takes,12.133533902120552
play,12.130665603935622
station,12.115386930861273
idea,12.114504243511323
cook,12.10909297401139
tiny,12.107782219008996
tucson,12.093871325611557
desserts,12.081290000023248
banana,12.053206722230927
chose,12.051258215651108
philadelphia,12.038238800585235
total,12.01567281855716
bun,12.002565804154393
prefer,11.98241689664353
running,11.98118104694742
margaritas,11.966347080782196
fruit,11.937099200088689
building,11.914073463431142
met,11.911454710434644
club,11.905832898548402
mall,11.902681736777673
playing,11.888919083680529
foods,11.878160900766922
sort,11.864300915223868
talking,11.852262503690914
attitude,11.825733984371956
fix,11.819258223120224
incredibly,11.812782469439126
sent,11.806808745096157
salty,11.799016779306397
greeted,11.797652238556287
future,11.79284149717536
window,11.78789252488558
normally,11.777113898230713
returning,11.728548137538402
forget,11.701141573012283
traditional,11.699780675687304
basically,11.69277072783591
young,11.686649139391077
sauces,11.67956478712533
donut,11.654241051838996
mix,11.650119277340623
serving,11.648276567387136
easily,11.638690524684414
value,11.621808721719882
surprise,11.601438843958828
craving,11.58031407842304
salt,11.570157889713
bartenders,11.5644128292302
crazy,11.563037278125492
despite,11.551397967805228
touch,11.545055018770784
rating,11.535277533795556
iced,11.502658059282556
section,11.496794832423099
seats,11.492113148751823
goes,11.491282332441134
fancy,11.478043735982654
staying,11.44300208545456
platter,11.397805214739599
folks,11.397596279132257
welcoming,11.385407925379344
takeout,11.379294708291583
nicely,11.373077632274436
milk,11.371452029357668
reasonably,11.369186428600166
key,11.348245805239593
cash,11.34681851757209
means,11.332750430886177
credit,11.326699040973764
sugar,11.283481015768968
conversation,11.271133784768336
included,11.214790489078027
speak,11.204889004715254
slightly,11.202427540495885
forgot,11.17670390786885
rare,11.164670453501333
products,11.154653393463121
box,11.128703612584529
dogs,11.112653691964653
barbara,11.106374012389285
veggie,11.092168780120975
classic,11.085534309069706
perfection,11.071496553159307
vegetables,11.027091952766988
spice,11.02564658361744
honey,11.025616372487162
paying,11.02545299823133
art,11.018283204707123
complaint,11.013523198122629
goat,11.006921812653987
creamy,10.990132679542793
sour,10.960635607730172
usual,10.954099219504359
satisfied,10.937204734805047
general,10.932835172232165
diner,10.917679036705161
gluten,10.902035941026814
strong,10.892539035030701
limited,10.878878193498375
wrap,10.821128882027134
item,10.81300761545448
favorites,10.811171182611396
lettuce,10.802049870696385
experienced,10.79635254661351
offers,10.784554039918337
services,10.778404006813467
difficult,10.763304621964446
nearby,10.751174795468541
opinion,10.74271988733929
lol,10.741421299680965
yesterday,10.723859962434513
website,10.715729288589682
guests,10.713094149067679
finding,10.708854670481644
calamari,10.701783820463815
fat,10.697149705543078
school,10.680967861642344
works,10.67084889892418
shot,10.66565254355298
wall,10.659668710573794
pass,10.639258670432671
dip,10.636269528605945
stand,10.633506659980451
forever,10.630198799153217
charged,10.616893273425646
beach,10.614732548109124
possible,10.575145873020414
pepper,10.55988421070911
smell,10.557869727276108
wide,10.529301399433827
efficient,10.51515574420117
grill,10.513899309742508
juice,10.513130737311624
mushrooms,10.475685205896633
showed,10.466781691580094
deep,10.465987660164187
personal,10.463358951180975
book,10.457893673179202
heat,10.441721792572073
bunch,10.4117779882656
mom,10.406008939195736
knows,10.405884555647434
avocado,10.40428804973352
thinking,10.375744794737468
turkey,10.371620567092009
girls,10.353370339949263
hang,10.348430434463799
polite,10.335911614412593
suggest,10.332706103542469
state,10.311284635842611
boy,10.30985066526454
buffalo,10.294144849532449
sports,10.289920448583203
brisket,10.283520961691002
expecting,10.26719746234636
explained,10.259665825051501
tap,10.248105640142287
finish,10.23148393202201
waste,10.225830201382113
lemon,10.215014086288589
using,10.188623686827192
affordable,10.177594135428876
matter,10.174572373349923
considering,10.143159125032927
interior,10.140912170373173
prompt,10.128288047806834
craft,10.120585747332148
asking,10.106778637729436
summer,10.102265709081859
lets,10.098093285849146
eye,10.097690725840629
color,10.090246599771442
experiences,10.07658416777032
reading,10.062965340305
cooking,10.059788212519454
texture,10.058971781933247
smaller,10.035527817472493
cuisine,10.02866137936339
dark,9.986507743177974
coconut,9.977015332688552
face,9.973034641241718
supposed,9.958446786340813
negative,9.949343960839686
creative,9.948176797701958
seeing,9.942777772983348
topped,9.939778027705906
games,9.933059533803316
original,9.925352000345917
nachos,9.913844170576692
bakery,9.903821234572966
quarter,9.903650304523346
ambience,9.895289427113145
purchase,9.871305847488836
sad,9.868861945964158
lack,9.864955032911789
dollar,9.8411496089282
mushroom,9.836346710757985
save,9.809762714018323
beat,9.807864066358876
apparently,9.807458192057956
avoid,9.804503189868337
treated,9.795696871986763
weekends,9.794928584538148
compared,9.794816028866762
chili,9.785602007802094
disappoint,9.774092706800522
realized,9.751089652845288
complain,9.741648871645145
mood,9.736457602727283
spots,9.735051804495727
stores,9.732564373288271
bars,9.731956925781043
honest,9.718318410678746
obviously,9.716190449349224
hes,9.712083206913718
covered,9.706498270771016
biscuits,9.687065575482343
personally,9.667356374223179
peppers,9.643965075011995
mentioned,9.643810807838541
leaving,9.643355051019194
slice,9.642732562276901
hummus,9.636702676617697
bourbon,9.63625475620704
gym,9.63543602743679
environment,9.631152097333638
setting,9.587764775436154
greens,9.587075783446844
known,9.586586243976939
juicy,9.57220727768501
consistently,9.562223152886219
soggy,9.553707378251755
previous,9.532650470768266
notch,9.526191198163376
weird,9.52607677589374
patient,9.523030597883471
air,9.506532656847266
gumbo,9.482062167690547
moving,9.478416961782045
spinach,9.476287257718514
basic,9.475399540996117
checking,9.457534546768803
plain,9.454201508579796
strip,9.441621815942895
american,9.441174125209455
ran,9.426602587784833
missing,9.419532190795136
willing,9.410695369080129
team,9.407652392929503
hold,9.404476574365061
ridiculous,9.375813370749505
double,9.363803666851519
meats,9.357840801499327
bag,9.348478673159605
sell,9.337912639537793
combo,9.336694370419288
hidden,9.335468635229033
stick,9.316390447043528
booked,9.312466905064229
loves,9.311857333168533
frequent,9.30615618605647
guacamole,9.298984670609599
appreciate,9.280221740228859
margarita,9.279886062970647
tough,9.279408167873553
exceptional,9.267415463695809
roasted,9.262459892405957
barely,9.258763217734153
tomatoes,9.25099502181794
theyve,9.250305000862971
modern,9.24682372769464
band,9.23351623576279
paper,9.23277942800918
living,9.226430249894042
lucky,9.225649464954866
likely,9.220353094772001
fixed,9.217045109988284
daily,9.215700948940853
positive,9.209530096264308
app,9.206987738341557
generally,9.186999938062176
actual,9.180084991962778
baby,9.163372183860266
turn,9.162127302924588
sister,9.15175082908117
rich,9.105689305389308
enjoying,9.083387976145445
word,9.082984383154374
cakes,9.069428778785662
roast,9.066382208049584
fit,9.05148837027003
smoked,9.042002853723504
country,9.031137860725401
glasses,9.00774833451272
appreciated,8.98657245448077
courteous,8.985263662597072
heart,8.983066884601246
heavy,8.972364428270655
road,8.970340752814593
cookies,8.969265494532886
rate,8.967613081650688
casino,8.96154485635046
request,8.953927065045711
spring,8.948524833491177
rib,8.941118872853036
gift,8.931457994513087
complaints,8.925020473508456
carry,8.922558092785987
imagine,8.907013442861144
pleasantly,8.899712186351403
pizzas,8.881730834833785
rock,8.870253107814554
goods,8.860131615072687
girlfriend,8.851237660817048
presentation,8.837059037099412
rush,8.830065226027832
vietnamese,8.81883032935286
venue,8.81229051581657
hoping,8.790430440534633
crunchy,8.783502293433497
mashed,8.766896045611533
tvs,8.766238716445828
byob,8.755016682936098
locals,8.743826391657704
chairs,8.739045544435552
recent,8.704052078236126
range,8.696941191612964
haircut,8.693607039603812
locations,8.690839882889694
bean,8.67343637658882
normal,8.671532254619073
broth,8.667202460043857
grocery,8.667056073717958
wash,8.664028132152541
particular,8.642782201867956
benedict,8.635911819153911
pancake,8.633374592939369
bucks,8.630401482103109
informed,8.625995935962237
filet,8.623471099098499
hate,8.611562305143146
standing,8.606037065658446
break,8.605032503962526
brown,8.597697561122517
straight,8.589280859149914
product,8.586987514952027
feels,8.582951693854017
kinda,8.581092910710375
ton,8.573049761618318
phenomenal,8.569796409603985
clearly,8.52714797638916
wanting,8.504877394821825
passed,8.501435347161994
apple,8.468526709629982
meet,8.466346035291194
ramen,8.452430129009965
noise,8.44120093098805
says,8.43734254265291
moist,8.436850183556457
king,8.436190592398129
shes,8.435097952529151
tofu,8.432131617768867
complimentary,8.42085193859632
picture,8.41826792638077
important,8.417791670616014
cinnamon,8.414405851971019
returned,8.40197806254514
watching,8.389352137613756
wifi,8.385235686343853
doubt,8.383424607751973
fare,8.381947227868922
decide,8.362532908840379
pita,8.362461095129808
orange,8.359943335515306
closer,8.356435682084568
cheaper,8.352444140465355
slices,8.347658933649642
funny,8.345237287784546
deli,8.342120902615838
provided,8.335993327359962
disappointment,8.335154619968208
selections,8.333664714367776
popular,8.314622382309627
spectacular,8.308884427816709
spa,8.308452888860915
older,8.304655439117113
recommendation,8.300297039153222
cuban,8.299531421704737
movie,8.276430767486906
cause,8.273931443266605
vanilla,8.269731820077553
sales,8.261989663599646
areas,8.25715793660973
visits,8.249341777616655
nearly,8.249209158178694
tons,8.245576835037108
surprisingly,8.227300451787341
menus,8.21204987492436
machine,8.189345882683062
mistake,8.18405727320494
youd,8.170240615099871
biscuit,8.164349093913408
cashier,8.16214045753115
damn,8.158448223824294
lost,8.148251948776823
ravioli,8.143462030602317
regret,8.13372915918054
shops,8.13134872257961
peanut,8.129775655031727
cars,8.121420760090418
higher,8.108884168629944
noodle,8.10274827363816
southern,8.098360232448032
pad,8.09688111801057
pedicure,8.091125478818165
monday,8.085448540476088
asian,8.084667140350591
cheeseburger,8.082016367124229
employee,8.063467559851235
flat,8.063434431866064
moment,8.035820091192827
relaxing,8.014297969207686
smile,8.010315700245677
groupon,7.995593102921953
driving,7.991406581822096
kid,7.9903792213652345
starbucks,7.982834853341247
major,7.981917344655303
upstairs,7.97765367219448
buying,7.961848541001257
realize,7.960769700230156
recommendations,7.957440444186761
bus,7.947731671983526
bother,7.932230740203527
impressive,7.925664171367626
quaint,7.924634929780121
trust,7.922764256184871
gives,7.921885346814772
korean,7.916837560815044
sadly,7.915193998672818
bell,7.9087787118407995
smoke,7.899247889676584
california,7.887740171210359
ride,7.8863808911439675
sound,7.884850224813624
favor,7.878341472211929
syrup,7.872513632376929
purchased,7.858897003776994
cheesesteak,7.857853773409472
sticks,7.854348529198263
youve,7.851466167650824
mother,7.845578001096684
garden,7.839869852696075
happen,7.838482032775588
similar,7.837508452853805
particularly,7.836055841471645
shows,7.834628732720763
sub,7.832654545199761
provide,7.818542976294755
bloody,7.8055740428634035
parents,7.788751772874843
promptly,7.779053102561118
tuesday,7.77473059998016
patrons,7.7694176942004445
bright,7.764741436945737
lower,7.763524076359274
discount,7.757189650310664
crawfish,7.743931548915591
bigger,7.7369006211483065
omelet,7.7242772751744635
truck,7.716074059053403
certain,7.697098702345996
welcome,7.696361905081755
coupon,7.68689549659537
children,7.685321949824321
sample,7.679312362129352
fans,7.6790572709045115
correct,7.677902571607531
whiskey,7.671555661205402
question,7.670051316193383
thursday,7.6672692545419645
lines,7.66634176535481
strange,7.656799024957049
mess,7.654803479015367
dough,7.647116319011952
history,7.640855712929778
whats,7.626348159818021
notice,7.621026894823828
heaven,7.612794342600933
situation,7.604313578929684
sold,7.594065025264248
classes,7.5848620722438405
larger,7.583572561488241
doors,7.5812494052351775
suggested,7.564260576293307
mcdonalds,7.561444921033366
suggestions,7.554963494984123
brew,7.552527960190242
comfy,7.546060585705676
pictures,7.541564481975214
produce,7.539274685520885
somewhat,7.533772824596213
wines,7.530638140765682
delish,7.527722116983368
truffle,7.525837738429608
consistent,7.5256477772608195
savory,7.52246907547191
weather,7.497539804447941
skip,7.429074669162286
cupcake,7.422490001787703
balls,7.42174243303096
separate,7.411346829417014
host,7.388808167304817
complete,7.380931205410354
flowers,7.372835113314144
ladies,7.368918602598638
distance,7.3688874981661545
facility,7.36250003952931
goto,7.358102596880166
hash,7.357825403196738
pleasure,7.352557130583875
bathrooms,7.331131372628352
answered,7.33032807387523
waffle,7.329243751834735
update,7.321294560927088
problems,7.316411015702519
typically,7.314815892087565
various,7.31459290181975
prior,7.307573382351387
seasoning,7.303861364381553
enjoyable,7.2996817327614005
mussels,7.294559813657512
clear,7.2943083294214786
spending,7.293565819354731
rings,7.292946361353676
picky,7.284627753368275
shame,7.276542177330211
meatballs,7.27177601172205
placed,7.271740263684258
needless,7.269754398750628
gel,7.2666864248946945
airport,7.26393627906799
sale,7.25971589958625
consider,7.254577634545912
raw,7.245154906259529
missed,7.241855988645573
stuck,7.2334232830075615
cleaning,7.227596253544008
difference,7.222524889888863
mozzarella,7.2201424424240095
